<?xml version="1.0" encoding="UTF-8"?>
<faces-config xmlns="http://xmlns.jcp.org/xml/ns/javaee"
	xmlns:xsi="http://www.w3.org/2001/XMLSchema-instance"
	xsi:schemaLocation="http://xmlns.jcp.org/xml/ns/javaee http://xmlns.jcp.org/xml/ns/javaee/web-facesconfig_2_2.xsd"
	version="2.2">

	<application>
		<locale-config>
			<default-locale>en</default-locale>
		</locale-config>
		<resource-bundle>
			<base-name>messages</base-name>
			<var>msg</var>
		</resource-bundle>
	</application>
	<navigation-rule>
		<from-view-id>*</from-view-id>
		<navigation-case>
			<from-outcome>welcome</from-outcome>
			<to-view-id>/pages/welcome.xhtml</to-view-id>
		</navigation-case>
	</navigation-rule>
	<navigation-rule>
		<from-view-id>*</from-view-id>
		<navigation-case>
			<from-outcome>filterSelection</from-outcome>
			<to-view-id>/pages/extractionReports.xhtml</to-view-id>
		</navigation-case>
	</navigation-rule>
	<navigation-rule>
		<from-view-id>*</from-view-id>
		<navigation-case>
			<from-outcome>information</from-outcome>
			<to-view-id>/pages/information.xhtml</to-view-id>
		</navigation-case>
	</navigation-rule>
		<navigation-rule>
		<from-view-id>*</from-view-id>
		<navigation-case>
			<from-outcome>validationReports</from-outcome>
			<to-view-id>/pages/validationReports.xhtml</to-view-id>
		</navigation-case>
	</navigation-rule>
	


</faces-config>
